Feature,Value_scaled,Value_true,Average_ECSI,Average_SEVI,Std_ECSI,Std_SEVI
BCR,-1.433698,0.000709,-1.517626,-0.32893,1.024377,0.712791
BCR,-1.349033,0.012554,-1.425443,-0.293947,1.017068,0.720099
BCR,-1.264368,0.024399,-1.332978,-0.259654,1.009559,0.72753
BCR,-1.179703,0.036244,-1.240283,-0.226073,1.001811,0.735075
BCR,-1.095039,0.04809,-1.147405,-0.193215,0.993866,0.742708
BCR,-1.010374,0.059935,-1.054379,-0.161124,0.985689,0.750385
BCR,-0.925709,0.07178,-0.961154,-0.129833,0.977333,0.758084
BCR,-0.841044,0.083625,-0.867797,-0.099355,0.968758,0.765793
BCR,-0.75638,0.09547,-0.774385,-0.069741,0.959981,0.773473
BCR,-0.671715,0.107315,-0.680926,-0.04098,0.951021,0.781138
BCR,-0.58705,0.11916,-0.587399,-0.01311,0.941875,0.788807
BCR,-0.502385,0.131005,-0.493851,0.013821,0.932634,0.796463
BCR,-0.41772,0.14285,-0.40029,0.039817,0.923369,0.804075
BCR,-0.333056,0.154696,-0.306761,0.064827,0.914083,0.811632
BCR,-0.248391,0.166541,-0.213331,0.088854,0.904823,0.819094
BCR,-0.163726,0.178386,-0.119996,0.11185,0.895542,0.826461
BCR,-0.079061,0.190231,-0.026783,0.133826,0.886322,0.833714
BCR,0.005603,0.202076,0.066297,0.154782,0.877101,0.840857
BCR,0.090268,0.213921,0.159186,0.174735,0.867901,0.847872
BCR,0.174933,0.225766,0.251819,0.193693,0.858775,0.854754
BCR,0.259598,0.237611,0.344137,0.211696,0.849786,0.861486
BCR,0.344263,0.249456,0.43609,0.228773,0.841031,0.868088
BCR,0.428927,0.261302,0.527659,0.244934,0.832478,0.87456
BCR,0.513592,0.273147,0.618794,0.260189,0.824163,0.880884
BCR,0.598257,0.284992,0.709491,0.274564,0.816103,0.887015
BCR,0.682922,0.296837,0.799699,0.288077,0.808319,0.892962
BCR,0.767586,0.308682,0.889356,0.300749,0.800795,0.898728
BCR,0.852251,0.320527,0.978463,0.312609,0.793547,0.904269
BCR,0.936916,0.332372,1.066984,0.323644,0.786557,0.90957
BCR,1.021581,0.344217,1.154883,0.333897,0.779842,0.914627
BCR,1.106245,0.356063,1.24208,0.343345,0.773496,0.919453
BCR,1.19091,0.367908,1.328572,0.351983,0.767549,0.924043
BCR,1.275575,0.379753,1.414319,0.359832,0.761966,0.928372
BCR,1.36024,0.391598,1.499318,0.366909,0.756745,0.932477
BCR,1.444905,0.403443,1.583554,0.373228,0.751898,0.936387
BCR,1.529569,0.415288,1.667019,0.378835,0.747414,0.940124
BCR,1.614234,0.427133,1.749667,0.383724,0.74336,0.943708
BCR,1.698899,0.438978,1.831528,0.38792,0.739698,0.947164
BCR,1.783564,0.450823,1.912599,0.391433,0.736322,0.950543
BCR,1.868228,0.462669,1.992908,0.394312,0.733272,0.953884
BCR,1.952893,0.474514,2.072481,0.39657,0.730569,0.957231
BCR,2.037558,0.486359,2.151301,0.39821,0.72821,0.960582
BCR,2.122223,0.498204,2.229432,0.399249,0.726134,0.963942
BCR,2.206888,0.510049,2.306857,0.399722,0.724367,0.967297
BCR,2.291552,0.521894,2.383574,0.399613,0.722854,0.970664
BCR,2.376217,0.533739,2.459616,0.398941,0.721535,0.974029
BCR,2.460882,0.545584,2.534994,0.39771,0.720399,0.977401
BCR,2.545547,0.557429,2.609759,0.395922,0.719469,0.980774
BCR,2.630211,0.569275,2.683922,0.393586,0.718706,0.984155
BCR,2.714876,0.58112,2.757425,0.390697,0.718081,0.987527
NB_BCR,-2.028712,0.008635,1.848794,0.161106,1.203057,0.947225
NB_BCR,-1.940704,0.017138,1.783127,0.159609,1.205591,0.945036
NB_BCR,-1.852697,0.02564,1.716439,0.157676,1.20832,0.942815
NB_BCR,-1.76469,0.034142,1.648677,0.155288,1.211267,0.940552
NB_BCR,-1.676683,0.042645,1.579814,0.15242,1.214452,0.938266
NB_BCR,-1.588676,0.051147,1.509817,0.149049,1.217873,0.935957
NB_BCR,-1.500669,0.059649,1.438676,0.14515,1.221567,0.933621
NB_BCR,-1.412662,0.068152,1.366291,0.140698,1.225581,0.931279
NB_BCR,-1.324655,0.076654,1.292651,0.135709,1.229956,0.92893
NB_BCR,-1.236648,0.085157,1.217826,0.130194,1.234716,0.926576
NB_BCR,-1.148641,0.093659,1.141837,0.124171,1.239912,0.924263
NB_BCR,-1.060633,0.102161,1.064654,0.117617,1.245533,0.921991
NB_BCR,-0.972626,0.110664,0.986292,0.110536,1.251668,0.919754
NB_BCR,-0.884619,0.119166,0.906716,0.10292,1.258309,0.917549
NB_BCR,-0.796612,0.127668,0.82599,0.0948,1.265445,0.915352
NB_BCR,-0.708605,0.136171,0.744111,0.086165,1.273119,0.913164
NB_BCR,-0.620598,0.144673,0.66104,0.077067,1.281408,0.911023
NB_BCR,-0.532591,0.153175,0.576755,0.0675,1.290248,0.90896
NB_BCR,-0.444584,0.161678,0.491294,0.057457,1.299648,0.906931
NB_BCR,-0.356577,0.17018,0.404684,0.046934,1.309592,0.904928
NB_BCR,-0.26857,0.178683,0.31685,0.035969,1.320078,0.90296
NB_BCR,-0.180562,0.187185,0.227815,0.024567,1.331114,0.90101
NB_BCR,-0.092555,0.195687,0.13752,0.012749,1.342578,0.899072
NB_BCR,-0.004548,0.20419,0.046092,0.000504,1.354461,0.897137
NB_BCR,0.083459,0.212692,-0.046486,-0.012135,1.366655,0.895211
NB_BCR,0.171466,0.221194,-0.140165,-0.025079,1.379138,0.893297
NB_BCR,0.259473,0.229697,-0.234932,-0.038284,1.391895,0.891369
NB_BCR,0.34748,0.238199,-0.330774,-0.051749,1.404764,0.889363
NB_BCR,0.435487,0.246701,-0.427735,-0.065442,1.417681,0.887306
NB_BCR,0.523494,0.255204,-0.525727,-0.07938,1.430579,0.885193
NB_BCR,0.611501,0.263706,-0.624701,-0.093514,1.443373,0.883018
NB_BCR,0.699509,0.272209,-0.724738,-0.107833,1.456082,0.880764
NB_BCR,0.787516,0.280711,-0.825831,-0.122363,1.468596,0.878457
NB_BCR,0.875523,0.289213,-0.928046,-0.137007,1.48079,0.87607
NB_BCR,0.96353,0.297716,-1.031351,-0.151833,1.4927,0.873576
NB_BCR,1.051537,0.306218,-1.135659,-0.166792,1.504155,0.871
NB_BCR,1.139544,0.31472,-1.241098,-0.18188,1.515095,0.868384
NB_BCR,1.227551,0.323223,-1.347682,-0.197074,1.525537,0.865711
NB_BCR,1.315558,0.331725,-1.455304,-0.212336,1.535406,0.86297
NB_BCR,1.403565,0.340227,-1.563955,-0.22764,1.544729,0.860189
NB_BCR,1.491572,0.34873,-1.673657,-0.242991,1.553452,0.857375
NB_BCR,1.57958,0.357232,-1.784339,-0.2583,1.561686,0.8546
NB_BCR,1.667587,0.365735,-1.896048,-0.273572,1.569434,0.851842
NB_BCR,1.755594,0.374237,-2.00877,-0.288778,1.576697,0.84915
NB_BCR,1.843601,0.382739,-2.122441,-0.303933,1.583478,0.846526
NB_BCR,1.931608,0.391242,-2.236942,-0.31904,1.58979,0.844
NB_BCR,2.019615,0.399744,-2.352271,-0.334034,1.595639,0.841587
NB_BCR,2.107622,0.408246,-2.468359,-0.348894,1.601027,0.839293
NB_BCR,2.195629,0.416749,-2.585187,-0.363641,1.605945,0.837129
NB_BCR,2.283636,0.425251,-2.702773,-0.378311,1.610368,0.835078
FAR,-1.180833,0.001476,-0.282029,-0.105382,0.854111,0.804671
FAR,-1.08785,0.135577,-0.263407,-0.077695,0.85197,0.813069
FAR,-0.994868,0.269679,-0.245679,-0.049864,0.849882,0.82143
FAR,-0.901886,0.403781,-0.228841,-0.0219,0.847769,0.829758
FAR,-0.808904,0.537882,-0.212911,0.006139,0.845646,0.838064
FAR,-0.715922,0.671984,-0.197852,0.034208,0.843499,0.846367
FAR,-0.622939,0.806086,-0.183767,0.062342,0.841351,0.854651
FAR,-0.529957,0.940188,-0.170596,0.090486,0.839117,0.862919
FAR,-0.436975,1.074289,-0.158257,0.118641,0.836815,0.871184
FAR,-0.343993,1.208391,-0.146759,0.146734,0.834461,0.879421
FAR,-0.251011,1.342493,-0.136122,0.174748,0.832071,0.887618
FAR,-0.158028,1.476594,-0.126317,0.202637,0.829675,0.895768
FAR,-0.065046,1.610696,-0.117269,0.230367,0.827159,0.90387
FAR,0.027936,1.744798,-0.108983,0.257886,0.824561,0.911967
FAR,0.120918,1.878899,-0.101378,0.28514,0.821801,0.920058
FAR,0.2139,2.013001,-0.094414,0.312102,0.818951,0.928121
FAR,0.306883,2.147103,-0.08812,0.33868,0.81599,0.936157
FAR,0.399865,2.281204,-0.082502,0.364829,0.812926,0.944143
FAR,0.492847,2.415306,-0.077512,0.390542,0.809798,0.952095
FAR,0.585829,2.549408,-0.073111,0.41576,0.806608,0.95998
FAR,0.678811,2.683509,-0.069322,0.44044,0.803373,0.967728
FAR,0.771794,2.817611,-0.066139,0.46456,0.800088,0.975334
FAR,0.864776,2.951713,-0.063487,0.488069,0.796789,0.982767
FAR,0.957758,3.085814,-0.061328,0.510914,0.793535,0.989975
FAR,1.05074,3.219916,-0.05962,0.533084,0.790295,0.996933
FAR,1.143722,3.354018,-0.058435,0.554564,0.787214,1.003633
FAR,1.236705,3.488119,-0.057692,0.575348,0.784229,1.010093
FAR,1.329687,3.622221,-0.057344,0.595471,0.78132,1.016339
FAR,1.422669,3.756323,-0.057395,0.61488,0.778512,1.022318
FAR,1.515651,3.890424,-0.057852,0.633507,0.775837,1.028047
FAR,1.608634,4.024526,-0.058735,0.651358,0.773327,1.033537
FAR,1.701616,4.158628,-0.060006,0.668369,0.771061,1.038785
FAR,1.794598,4.292729,-0.061641,0.684527,0.769063,1.043797
FAR,1.88758,4.426831,-0.063552,0.699771,0.767254,1.048577
FAR,1.980562,4.560933,-0.065753,0.714093,0.765708,1.053118
FAR,2.073545,4.695034,-0.068172,0.727545,0.764298,1.057464
FAR,2.166527,4.829136,-0.070842,0.740146,0.763075,1.061636
FAR,2.259509,4.963238,-0.073673,0.751883,0.761984,1.065603
FAR,2.352491,5.097339,-0.076678,0.762759,0.761086,1.069372
FAR,2.445473,5.231441,-0.079829,0.772775,0.760308,1.072984
FAR,2.538456,5.365543,-0.083088,0.781939,0.759689,1.076417
FAR,2.631438,5.499644,-0.08644,0.790326,0.75917,1.079659
FAR,2.72442,5.633746,-0.089856,0.797937,0.758656,1.08272
FAR,2.817402,5.767848,-0.093359,0.804771,0.758134,1.085608
FAR,2.910384,5.901949,-0.096882,0.810859,0.757591,1.088349
FAR,3.003367,6.036051,-0.100405,0.816247,0.757058,1.090954
FAR,3.096349,6.170153,-0.103965,0.820951,0.756484,1.093396
FAR,3.189331,6.304254,-0.107479,0.824995,0.755795,1.095703
FAR,3.282313,6.438356,-0.110958,0.828395,0.754928,1.097885
FAR,3.375295,6.572458,-0.114425,0.831179,0.753902,1.099987
AHI,-1.60797,3.0,0.551762,-0.164578,0.919683,0.830685
AHI,-1.511513,4.222449,0.528502,-0.156884,0.927787,0.836788
AHI,-1.415055,5.444898,0.505304,-0.149099,0.935759,0.842842
AHI,-1.318598,6.667347,0.482145,-0.141221,0.943585,0.84879
AHI,-1.22214,7.889796,0.459103,-0.13324,0.951298,0.854595
AHI,-1.125683,9.112245,0.436081,-0.12518,0.958813,0.86025
AHI,-1.029225,10.334694,0.413119,-0.117026,0.966074,0.865765
AHI,-0.932768,11.557143,0.39026,-0.108802,0.973077,0.871105
AHI,-0.83631,12.779592,0.367466,-0.100586,0.979829,0.87623
AHI,-0.739853,14.00204,0.344722,-0.092385,0.986319,0.881128
AHI,-0.643395,15.224489,0.321998,-0.084222,0.992511,0.885799
AHI,-0.546938,16.446938,0.29933,-0.076108,0.998347,0.890215
AHI,-0.45048,17.669387,0.276706,-0.068002,1.00381,0.894373
AHI,-0.354023,18.891836,0.254178,-0.059986,1.008908,0.898261
AHI,-0.257565,20.114285,0.231714,-0.05208,1.013671,0.901827
AHI,-0.161107,21.336734,0.209278,-0.04425,1.018012,0.90505
AHI,-0.06465,22.559183,0.186904,-0.036547,1.022058,0.907921
AHI,0.031808,23.781632,0.164638,-0.028981,1.025707,0.910441
AHI,0.128265,25.004081,0.142483,-0.021573,1.028914,0.912623
AHI,0.224723,26.22653,0.120401,-0.014315,1.031653,0.914484
AHI,0.32118,27.448979,0.098416,-0.007162,1.033964,0.916035
AHI,0.417638,28.671428,0.076619,-0.000118,1.035815,0.917268
AHI,0.514095,29.893877,0.055013,0.006783,1.037308,0.918154
AHI,0.610553,31.116326,0.033577,0.013535,1.038397,0.918697
AHI,0.70701,32.338775,0.012352,0.020115,1.039111,0.918934
AHI,0.803468,33.561224,-0.008673,0.026558,1.039385,0.918886
AHI,0.899925,34.783673,-0.029465,0.032817,1.039387,0.918542
AHI,0.996383,36.006122,-0.05,0.038868,1.039148,0.917953
AHI,1.09284,37.228571,-0.070239,0.044729,1.03871,0.917114
AHI,1.189298,38.45102,-0.090174,0.050406,1.038073,0.916042
AHI,1.285755,39.673469,-0.109796,0.055902,1.037223,0.91473
AHI,1.382213,40.895918,-0.129123,0.061248,1.036157,0.913222
AHI,1.47867,42.118366,-0.148133,0.066445,1.034941,0.911515
AHI,1.575128,43.340815,-0.166843,0.07151,1.033589,0.909607
AHI,1.671585,44.563264,-0.185264,0.076452,1.03212,0.907511
AHI,1.768043,45.785713,-0.203411,0.081259,1.030548,0.905249
AHI,1.8645,47.008162,-0.221226,0.085957,1.028891,0.902835
AHI,1.960958,48.230611,-0.238736,0.090583,1.027207,0.900277
AHI,2.057415,49.45306,-0.255956,0.095089,1.025489,0.897568
AHI,2.153873,50.675509,-0.272818,0.099512,1.023821,0.894728
AHI,2.25033,51.897958,-0.289365,0.103873,1.022236,0.891769
AHI,2.346788,53.120407,-0.305574,0.108171,1.0207,0.888695
AHI,2.443245,54.342856,-0.321407,0.112456,1.019244,0.885521
AHI,2.539703,55.565305,-0.336882,0.116738,1.0179,0.882233
AHI,2.63616,56.787754,-0.352033,0.121014,1.016668,0.878852
AHI,2.732618,58.010203,-0.366877,0.125285,1.015473,0.875375
AHI,2.829075,59.232652,-0.381452,0.12954,1.014323,0.871813
AHI,2.925533,60.455101,-0.395758,0.133779,1.013196,0.868212
AHI,3.02199,61.67755,-0.409773,0.13801,1.012091,0.864575
AHI,3.118448,62.899999,-0.423567,0.14224,1.010973,0.860907
NB_AHI,-2.143401,3.0,-0.579417,0.217876,0.836526,0.95783
NB_AHI,-2.052859,3.866147,-0.566092,0.211264,0.839965,0.959925
NB_AHI,-1.962317,4.732294,-0.55229,0.204557,0.843433,0.961961
NB_AHI,-1.871775,5.598441,-0.538038,0.197736,0.846963,0.96394
NB_AHI,-1.781232,6.464589,-0.523396,0.190827,0.850577,0.965845
NB_AHI,-1.69069,7.330736,-0.508339,0.18382,0.854357,0.96767
NB_AHI,-1.600148,8.196883,-0.492843,0.176686,0.858259,0.96941
NB_AHI,-1.509606,9.06303,-0.476932,0.169478,0.862264,0.971032
NB_AHI,-1.419063,9.929177,-0.46058,0.1622,0.866367,0.9725
NB_AHI,-1.328521,10.795324,-0.443853,0.154829,0.870678,0.973822
NB_AHI,-1.237979,11.661471,-0.426801,0.147368,0.875244,0.974956
NB_AHI,-1.147437,12.527618,-0.409372,0.139803,0.880064,0.9759
NB_AHI,-1.056895,13.393765,-0.391498,0.132144,0.885173,0.976634
NB_AHI,-0.966352,14.259912,-0.373236,0.124347,0.890612,0.977128
NB_AHI,-0.87581,15.126059,-0.354588,0.11639,0.896393,0.977346
NB_AHI,-0.785268,15.992206,-0.33566,0.108261,0.902572,0.977261
NB_AHI,-0.694726,16.858353,-0.316382,0.099953,0.909064,0.976884
NB_AHI,-0.604183,17.7245,-0.296795,0.091441,0.916011,0.976212
NB_AHI,-0.513641,18.590647,-0.276939,0.082714,0.92335,0.97527
NB_AHI,-0.423099,19.456794,-0.256841,0.073772,0.931249,0.973999
NB_AHI,-0.332557,20.322941,-0.236557,0.064582,0.939597,0.97242
NB_AHI,-0.242014,21.189088,-0.216174,0.055116,0.948307,0.970538
NB_AHI,-0.151472,22.055235,-0.195741,0.045349,0.957317,0.968327
NB_AHI,-0.06093,22.921382,-0.175305,0.035303,0.966484,0.965806
NB_AHI,0.029612,23.787529,-0.154869,0.024951,0.975839,0.963018
NB_AHI,0.120155,24.653676,-0.134422,0.01432,0.985306,0.959978
NB_AHI,0.210697,25.519823,-0.113968,0.003432,0.994834,0.956745
NB_AHI,0.301239,26.38597,-0.093551,-0.007734,1.004375,0.953305
NB_AHI,0.391781,27.252117,-0.073273,-0.019204,1.013772,0.949651
NB_AHI,0.482324,28.118264,-0.053179,-0.030927,1.022933,0.945801
NB_AHI,0.572866,28.984411,-0.033347,-0.042856,1.031856,0.94181
NB_AHI,0.663408,29.850558,-0.013764,-0.054941,1.040505,0.937699
NB_AHI,0.75395,30.716705,0.00552,-0.06713,1.048712,0.933479
NB_AHI,0.844492,31.582852,0.024432,-0.079385,1.056382,0.929137
NB_AHI,0.935035,32.448999,0.042929,-0.091735,1.063382,0.924707
NB_AHI,1.025577,33.315147,0.061045,-0.104092,1.069917,0.9202
NB_AHI,1.116119,34.181294,0.078806,-0.116417,1.076128,0.91561
NB_AHI,1.206661,35.047441,0.096133,-0.128665,1.08206,0.910936
NB_AHI,1.297204,35.913588,0.113061,-0.140753,1.087733,0.906229
NB_AHI,1.387746,36.779735,0.129561,-0.152653,1.093089,0.901495
NB_AHI,1.478288,37.645882,0.145636,-0.164359,1.098068,0.896727
NB_AHI,1.56883,38.512029,0.161272,-0.175833,1.102778,0.891933
NB_AHI,1.659373,39.378176,0.176476,-0.187067,1.1072,0.887112
NB_AHI,1.749915,40.244323,0.191198,-0.198024,1.111363,0.882269
NB_AHI,1.840457,41.11047,0.205383,-0.208676,1.115308,0.877403
NB_AHI,1.930999,41.976617,0.219016,-0.219061,1.119014,0.872514
NB_AHI,2.021542,42.842764,0.232166,-0.229142,1.122572,0.867598
NB_AHI,2.112084,43.708911,0.244776,-0.238856,1.125996,0.862633
NB_AHI,2.202626,44.575058,0.256775,-0.248222,1.129263,0.85763
NB_AHI,2.293168,45.441205,0.268173,-0.257282,1.132221,0.852624
LSI,-1.531824,1.0,0.050688,-0.452915,0.72025,0.741523
LSI,-1.444275,1.051749,0.061034,-0.434814,0.729515,0.748872
LSI,-1.356727,1.103499,0.071733,-0.416379,0.739135,0.75627
LSI,-1.269178,1.155248,0.082806,-0.397584,0.749192,0.76371
LSI,-1.18163,1.206997,0.094212,-0.378428,0.759751,0.771197
LSI,-1.094081,1.258746,0.105887,-0.358933,0.770762,0.778695
LSI,-1.006533,1.310496,0.117822,-0.339108,0.782206,0.786202
LSI,-0.918984,1.362245,0.130045,-0.318988,0.794136,0.793708
LSI,-0.831436,1.413994,0.142507,-0.298656,0.806383,0.801208
LSI,-0.743887,1.465743,0.155214,-0.278198,0.818857,0.808688
LSI,-0.656339,1.517493,0.168096,-0.257644,0.831491,0.816198
LSI,-0.56879,1.569242,0.181146,-0.237052,0.844216,0.823731
LSI,-0.481242,1.620991,0.194242,-0.216521,0.856907,0.831291
LSI,-0.393693,1.672741,0.207294,-0.196049,0.869463,0.838946
LSI,-0.306145,1.72449,0.220239,-0.175696,0.881854,0.846665
LSI,-0.218596,1.776239,0.233103,-0.155393,0.894048,0.854476
LSI,-0.131048,1.827988,0.245784,-0.13514,0.906032,0.86245
LSI,-0.043499,1.879738,0.258192,-0.114993,0.917857,0.870632
LSI,0.044049,1.931487,0.270225,-0.094925,0.929397,0.87904
LSI,0.131598,1.983236,0.281805,-0.074924,0.940543,0.887673
LSI,0.219146,2.034985,0.292813,-0.054945,0.951245,0.896526
LSI,0.306695,2.086735,0.303128,-0.034995,0.961357,0.905604
LSI,0.394243,2.138484,0.312645,-0.015086,0.970578,0.914906
LSI,0.481792,2.190233,0.321333,0.004751,0.979082,0.924434
LSI,0.56934,2.241982,0.329119,0.024501,0.986834,0.934197
LSI,0.656889,2.293732,0.336115,0.044127,0.993868,0.94419
LSI,0.744437,2.345481,0.342393,0.063611,1.000109,0.954365
LSI,0.831986,2.39723,0.347959,0.082943,1.005632,0.964682
LSI,0.919535,2.44898,0.352763,0.102148,1.010479,0.975117
LSI,1.007083,2.500729,0.356784,0.121193,1.014722,0.985665
LSI,1.094632,2.552478,0.360016,0.140073,1.018381,0.996302
LSI,1.18218,2.604227,0.362509,0.1588,1.021491,1.00702
LSI,1.269729,2.655977,0.364306,0.177314,1.024036,1.017807
LSI,1.357277,2.707726,0.365394,0.195629,1.026103,1.028621
LSI,1.444826,2.759475,0.365833,0.213758,1.027746,1.039414
LSI,1.532374,2.811224,0.365549,0.231659,1.02897,1.050171
LSI,1.619923,2.862974,0.364604,0.249344,1.029796,1.060854
LSI,1.707471,2.914723,0.363041,0.266786,1.030268,1.071435
LSI,1.79502,2.966472,0.360899,0.283966,1.030519,1.081917
LSI,1.882568,3.018222,0.358194,0.300899,1.03056,1.092295
LSI,1.970117,3.069971,0.354865,0.31758,1.03039,1.102581
LSI,2.057665,3.12172,0.350903,0.334007,1.029986,1.112737
LSI,2.145214,3.173469,0.346362,0.350196,1.029449,1.122788
LSI,2.232762,3.225219,0.34133,0.366116,1.028724,1.132754
LSI,2.320311,3.276968,0.335841,0.381742,1.027806,1.142586
LSI,2.407859,3.328717,0.329813,0.397076,1.026732,1.152284
LSI,2.495408,3.380466,0.323287,0.412133,1.025524,1.161827
LSI,2.582956,3.432216,0.316306,0.426898,1.024151,1.171195
LSI,2.670505,3.483965,0.308905,0.441374,1.022678,1.180362
LSI,2.758053,3.535714,0.301081,0.45554,1.021062,1.189321
LPI,-1.653962,24.94331,-0.23698,0.285877,0.711556,0.780423
LPI,-1.586858,26.475079,-0.230625,0.272256,0.717215,0.784745
LPI,-1.519754,28.006848,-0.224322,0.25874,0.722894,0.789139
LPI,-1.452651,29.538618,-0.218046,0.245323,0.728574,0.793609
LPI,-1.385547,31.070387,-0.211781,0.232003,0.734263,0.798163
LPI,-1.318443,32.602156,-0.205568,0.218806,0.739965,0.802808
LPI,-1.251339,34.133925,-0.199388,0.205735,0.745678,0.807513
LPI,-1.184235,35.665695,-0.193266,0.192778,0.751439,0.812302
LPI,-1.117131,37.197464,-0.187221,0.179977,0.757191,0.817181
LPI,-1.050027,38.729233,-0.181264,0.167309,0.762917,0.82212
LPI,-0.982923,40.261002,-0.175391,0.15475,0.768613,0.827118
LPI,-0.91582,41.792771,-0.169572,0.142341,0.774295,0.832175
LPI,-0.848716,43.324541,-0.16385,0.130076,0.779941,0.837268
LPI,-0.781612,44.85631,-0.158212,0.117965,0.785557,0.842403
LPI,-0.714508,46.388079,-0.15265,0.106021,0.791106,0.847555
LPI,-0.647404,47.919848,-0.14724,0.094213,0.796598,0.852738
LPI,-0.5803,49.451617,-0.141959,0.082569,0.80203,0.857957
LPI,-0.513196,50.983387,-0.136849,0.071066,0.807391,0.863211
LPI,-0.446092,52.515156,-0.131918,0.05968,0.812662,0.86848
LPI,-0.378989,54.046925,-0.127121,0.048412,0.817814,0.87376
LPI,-0.311885,55.578694,-0.122467,0.037244,0.822809,0.879032
LPI,-0.244781,57.110463,-0.118002,0.026184,0.827691,0.884296
LPI,-0.177677,58.642233,-0.113717,0.015193,0.832389,0.88958
LPI,-0.110573,60.174002,-0.109617,0.004295,0.83689,0.894865
LPI,-0.043469,61.705771,-0.105693,-0.006513,0.841212,0.900117
LPI,0.023635,63.23754,-0.101937,-0.017231,0.845324,0.90536
LPI,0.090739,64.769309,-0.098392,-0.027854,0.849234,0.910562
LPI,0.157842,66.301079,-0.095119,-0.038407,0.852917,0.915732
LPI,0.224946,67.832848,-0.092126,-0.048885,0.856426,0.920833
LPI,0.29205,69.364617,-0.089398,-0.059317,0.859769,0.925894
LPI,0.359154,70.896386,-0.086911,-0.06971,0.862945,0.930917
LPI,0.426258,72.428155,-0.084728,-0.080064,0.865976,0.935885
LPI,0.493362,73.959925,-0.082811,-0.090382,0.868766,0.940783
LPI,0.560466,75.491694,-0.081208,-0.100674,0.871357,0.945638
LPI,0.62757,77.023463,-0.079921,-0.110952,0.873697,0.95046
LPI,0.694674,78.555232,-0.078941,-0.121255,0.87581,0.95523
LPI,0.761777,80.087001,-0.078235,-0.131562,0.877771,0.959947
LPI,0.828881,81.618771,-0.077814,-0.141854,0.879539,0.964593
LPI,0.895985,83.15054,-0.0777,-0.152164,0.881117,0.969166
LPI,0.963089,84.682309,-0.077852,-0.162489,0.882536,0.97365
LPI,1.030193,86.214078,-0.078231,-0.172799,0.88379,0.978036
LPI,1.097297,87.745848,-0.078844,-0.183112,0.884872,0.982334
LPI,1.164401,89.277617,-0.079694,-0.193422,0.885843,0.986566
LPI,1.231505,90.809386,-0.080777,-0.203769,0.886683,0.990738
LPI,1.298608,92.341155,-0.082079,-0.214128,0.887349,0.994851
LPI,1.365712,93.872924,-0.083576,-0.224497,0.887892,0.998875
LPI,1.432816,95.404694,-0.085274,-0.234878,0.888329,1.002819
LPI,1.49992,96.936463,-0.087165,-0.245262,0.888704,1.006649
LPI,1.567024,98.468232,-0.089213,-0.255659,0.889031,1.010376
LPI,1.634128,100.000001,-0.091431,-0.266086,0.889269,1.014007
MENN,-0.88112,-0.0,0.060609,-0.117824,0.809484,0.988063
MENN,-0.772056,3.059246,0.054551,-0.138142,0.815546,0.977323
MENN,-0.662991,6.118493,0.047752,-0.158433,0.821616,0.966228
MENN,-0.553926,9.17774,0.04028,-0.178669,0.827619,0.954797
MENN,-0.444862,12.236987,0.032286,-0.198752,0.833527,0.943062
MENN,-0.335797,15.296234,0.023717,-0.2186,0.83931,0.93112
MENN,-0.226732,18.355481,0.014591,-0.238082,0.844966,0.91896
MENN,-0.117668,21.414728,0.005037,-0.257145,0.850304,0.906621
MENN,-0.008603,24.473975,-0.004941,-0.275682,0.85521,0.89416
MENN,0.100462,27.533222,-0.015318,-0.29362,0.859288,0.881632
MENN,0.209526,30.592469,-0.025763,-0.310887,0.862637,0.869128
MENN,0.318591,33.651716,-0.036228,-0.327415,0.865095,0.856728
MENN,0.427655,36.710963,-0.046594,-0.343231,0.866693,0.844477
MENN,0.53672,39.77021,-0.05662,-0.358286,0.867307,0.832431
MENN,0.645785,42.829457,-0.066246,-0.372527,0.867023,0.820606
MENN,0.754849,45.888704,-0.075408,-0.385945,0.865813,0.809039
MENN,0.863914,48.947951,-0.084039,-0.398549,0.863872,0.797769
MENN,0.972979,52.007198,-0.091882,-0.410286,0.861396,0.786804
MENN,1.082043,55.066445,-0.098817,-0.421172,0.85841,0.776182
MENN,1.191108,58.125692,-0.1049,-0.431172,0.855093,0.765944
MENN,1.300173,61.184939,-0.110197,-0.44029,0.851456,0.756059
MENN,1.409237,64.244186,-0.114893,-0.448655,0.847531,0.74657
MENN,1.518302,67.303433,-0.11905,-0.456335,0.843475,0.737483
MENN,1.627367,70.36268,-0.122657,-0.463395,0.839356,0.728807
MENN,1.736431,73.421927,-0.125853,-0.469879,0.835242,0.720571
MENN,1.845496,76.481174,-0.128717,-0.475833,0.831291,0.712759
MENN,1.954561,79.540421,-0.131318,-0.481358,0.827436,0.705334
MENN,2.063625,82.599668,-0.133826,-0.486471,0.823632,0.698309
MENN,2.17269,85.658915,-0.13629,-0.491266,0.819944,0.691641
MENN,2.281755,88.718162,-0.138738,-0.4958,0.816294,0.685289
MENN,2.390819,91.777409,-0.141216,-0.500075,0.81274,0.679246
MENN,2.499884,94.836655,-0.143762,-0.50412,0.809325,0.673449
MENN,2.608948,97.895902,-0.14646,-0.507969,0.806049,0.667864
MENN,2.718013,100.955149,-0.149372,-0.511663,0.802841,0.662484
MENN,2.827078,104.014396,-0.152513,-0.515229,0.79975,0.657263
MENN,2.936142,107.073643,-0.15588,-0.518752,0.796855,0.652198
MENN,3.045207,110.13289,-0.159473,-0.522202,0.794186,0.647275
MENN,3.154272,113.192137,-0.163301,-0.525588,0.791682,0.642494
MENN,3.263336,116.251384,-0.167399,-0.528937,0.78936,0.637856
MENN,3.372401,119.310631,-0.171725,-0.532255,0.787224,0.633366
MENN,3.481466,122.369878,-0.176328,-0.535546,0.785257,0.629035
MENN,3.59053,125.429125,-0.1813,-0.538803,0.783395,0.624833
MENN,3.699595,128.488372,-0.186671,-0.542048,0.781653,0.620732
MENN,3.80866,131.547619,-0.192353,-0.545312,0.780004,0.616735
MENN,3.917724,134.606866,-0.198346,-0.548555,0.778461,0.612839
MENN,4.026789,137.666113,-0.204666,-0.55181,0.77701,0.609037
MENN,4.135854,140.72536,-0.211342,-0.555077,0.775671,0.60532
MENN,4.244918,143.784607,-0.218368,-0.558363,0.77437,0.60168
MENN,4.353983,146.843854,-0.225752,-0.561653,0.773061,0.598127
MENN,4.463048,149.903101,-0.233467,-0.564954,0.771783,0.594646
SHDI,-2.276109,0.039452,1.491879,-0.806839,0.847237,0.693134
SHDI,-2.182938,0.067274,1.438551,-0.773229,0.842779,0.698112
SHDI,-2.089767,0.095096,1.384824,-0.739631,0.838493,0.703291
SHDI,-1.996596,0.122918,1.330679,-0.706036,0.834365,0.708641
SHDI,-1.903425,0.15074,1.276124,-0.672465,0.830434,0.714195
SHDI,-1.810254,0.178563,1.221206,-0.638922,0.826673,0.719926
SHDI,-1.717083,0.206385,1.165855,-0.605401,0.823079,0.725803
SHDI,-1.623911,0.234207,1.110066,-0.571926,0.819603,0.73188
SHDI,-1.53074,0.262029,1.053799,-0.538487,0.816218,0.738201
SHDI,-1.437569,0.289851,0.997039,-0.505138,0.812909,0.744717
SHDI,-1.344398,0.317673,0.939837,-0.471967,0.809797,0.751405
SHDI,-1.251227,0.345495,0.882132,-0.438974,0.807014,0.758259
SHDI,-1.158056,0.373318,0.823844,-0.406177,0.804712,0.765279
SHDI,-1.064885,0.40114,0.764884,-0.373635,0.802848,0.77243
SHDI,-0.971714,0.428962,0.705194,-0.341392,0.80148,0.77967
SHDI,-0.878542,0.456784,0.644695,-0.309487,0.800544,0.787052
SHDI,-0.785371,0.484606,0.583413,-0.278011,0.800231,0.794551
SHDI,-0.6922,0.512428,0.521288,-0.246974,0.800823,0.802151
SHDI,-0.599029,0.540251,0.458357,-0.216391,0.802633,0.809829
SHDI,-0.505858,0.568073,0.394669,-0.1863,0.805826,0.817601
SHDI,-0.412687,0.595895,0.330212,-0.156682,0.810422,0.825503
SHDI,-0.319516,0.623717,0.265111,-0.127549,0.816461,0.833463
SHDI,-0.226345,0.651539,0.199296,-0.099043,0.823846,0.841474
SHDI,-0.133174,0.679361,0.132774,-0.071241,0.832471,0.849491
SHDI,-0.040002,0.707183,0.06569,-0.044242,0.842353,0.857505
SHDI,0.053169,0.735006,-0.001952,-0.018053,0.85344,0.865548
SHDI,0.14634,0.762828,-0.069955,0.007308,0.865595,0.873553
SHDI,0.239511,0.79065,-0.138299,0.031816,0.878658,0.881583
SHDI,0.332682,0.818472,-0.207005,0.055406,0.892555,0.889651
SHDI,0.425853,0.846294,-0.276,0.077979,0.907067,0.897715
SHDI,0.519024,0.874116,-0.345219,0.099559,0.92209,0.905767
SHDI,0.612195,0.901938,-0.41452,0.120096,0.937513,0.913788
SHDI,0.705366,0.929761,-0.483823,0.139593,0.953229,0.921834
SHDI,0.798538,0.957583,-0.553209,0.158074,0.969108,0.929909
SHDI,0.891709,0.985405,-0.622731,0.175558,0.985092,0.937996
SHDI,0.98488,1.013227,-0.692368,0.192106,1.00107,0.946151
SHDI,1.078051,1.041049,-0.76208,0.207802,1.016868,0.954288
SHDI,1.171222,1.068871,-0.831972,0.22261,1.032299,0.962391
SHDI,1.264393,1.096693,-0.902051,0.236558,1.047315,0.970454
SHDI,1.357564,1.124516,-0.972278,0.249659,1.061846,0.978428
SHDI,1.450735,1.152338,-1.042649,0.26192,1.07577,0.986267
SHDI,1.543906,1.18016,-1.113246,0.273243,1.089062,0.993954
SHDI,1.637078,1.207982,-1.184009,0.283677,1.101726,1.001459
SHDI,1.730249,1.235804,-1.254894,0.293231,1.113818,1.008792
SHDI,1.82342,1.263626,-1.325902,0.301938,1.125386,1.015951
SHDI,1.916591,1.291448,-1.396936,0.3098,1.136387,1.022947
SHDI,2.009762,1.319271,-1.468019,0.316832,1.146813,1.029717
SHDI,2.102933,1.347093,-1.539165,0.323119,1.156658,1.036281
SHDI,2.196104,1.374915,-1.610391,0.328694,1.165883,1.042633
SHDI,2.289275,1.402737,-1.681649,0.333546,1.174571,1.048749
SVF,-3.215976,0.298358,0.904513,0.507374,0.820091,0.646485
SVF,-3.134617,0.312677,0.887995,0.497606,0.819616,0.645756
SVF,-3.053258,0.326996,0.871146,0.487905,0.81919,0.6452
SVF,-2.971898,0.341316,0.853967,0.478216,0.818845,0.64488
SVF,-2.890539,0.355635,0.83641,0.468543,0.818541,0.644808
SVF,-2.80918,0.369954,0.818484,0.458885,0.818247,0.644971
SVF,-2.727821,0.384273,0.800136,0.449252,0.817987,0.645387
SVF,-2.646461,0.398593,0.781418,0.439643,0.817768,0.646059
SVF,-2.565102,0.412912,0.762308,0.430047,0.817638,0.647024
SVF,-2.483743,0.427231,0.742828,0.42044,0.817589,0.6483
SVF,-2.402384,0.44155,0.722942,0.410776,0.817539,0.649895
SVF,-2.321024,0.455869,0.702615,0.40104,0.817551,0.651819
SVF,-2.239665,0.470189,0.681856,0.391234,0.817638,0.65411
SVF,-2.158306,0.484508,0.660666,0.381355,0.817825,0.656736
SVF,-2.076947,0.498827,0.639051,0.371411,0.81816,0.659713
SVF,-1.995587,0.513146,0.616998,0.361396,0.81862,0.663068
SVF,-1.914228,0.527466,0.59449,0.351296,0.819158,0.666784
SVF,-1.832869,0.541785,0.571464,0.341048,0.81981,0.670887
SVF,-1.75151,0.556104,0.547958,0.330627,0.820575,0.675372
SVF,-1.67015,0.570423,0.523944,0.320056,0.82143,0.680286
SVF,-1.588791,0.584742,0.499393,0.309291,0.82233,0.685634
SVF,-1.507432,0.599062,0.474329,0.2983,0.823296,0.691416
SVF,-1.426073,0.613381,0.448764,0.287082,0.824378,0.697605
SVF,-1.344713,0.6277,0.422613,0.275589,0.825473,0.704176
SVF,-1.263354,0.642019,0.395859,0.263823,0.82656,0.711145
SVF,-1.181995,0.656339,0.368545,0.251741,0.827648,0.718515
SVF,-1.100636,0.670658,0.340577,0.239391,0.828752,0.726251
SVF,-1.019276,0.684977,0.311959,0.226742,0.829839,0.734337
SVF,-0.937917,0.699296,0.282635,0.213704,0.830808,0.742729
SVF,-0.856558,0.713616,0.252566,0.200296,0.831632,0.751399
SVF,-0.775198,0.727935,0.221712,0.186541,0.832334,0.760305
SVF,-0.693839,0.742254,0.190034,0.172383,0.832921,0.769441
SVF,-0.61248,0.756573,0.157454,0.157819,0.833386,0.778766
SVF,-0.531121,0.770892,0.124012,0.142812,0.833713,0.788228
SVF,-0.449761,0.785212,0.089645,0.127281,0.833866,0.79775
SVF,-0.368402,0.799531,0.054299,0.111205,0.833681,0.807308
SVF,-0.287043,0.81385,0.017914,0.09458,0.833113,0.816839
SVF,-0.205684,0.828169,-0.019578,0.077287,0.831992,0.82634
SVF,-0.124324,0.842489,-0.058122,0.059333,0.830443,0.835804
SVF,-0.042965,0.856808,-0.097688,0.040652,0.828388,0.845146
SVF,0.038394,0.871127,-0.138255,0.021218,0.825849,0.854271
SVF,0.119753,0.885446,-0.179803,0.001008,0.823003,0.863156
SVF,0.201113,0.899765,-0.222383,-0.020052,0.819733,0.871732
SVF,0.282472,0.914085,-0.266026,-0.042029,0.815956,0.879919
SVF,0.363831,0.928404,-0.310777,-0.064975,0.811853,0.887705
SVF,0.44519,0.942723,-0.356597,-0.088869,0.807308,0.895021
SVF,0.52655,0.957042,-0.403431,-0.113705,0.802479,0.901853
SVF,0.607909,0.971362,-0.451207,-0.139433,0.797271,0.908181
SVF,0.689268,0.985681,-0.499893,-0.166039,0.791773,0.913967
SVF,0.770627,1.0,-0.549493,-0.193549,0.786083,0.91918
BHD,-0.86388,-0.0,0.343986,-0.263159,0.962707,0.795138
BHD,-0.761957,0.815359,0.305515,-0.2233,0.968118,0.802312
BHD,-0.660035,1.630719,0.265714,-0.184106,0.973481,0.809302
BHD,-0.558112,2.446078,0.224658,-0.14561,0.978791,0.816079
BHD,-0.45619,3.261438,0.182398,-0.107907,0.983868,0.822629
BHD,-0.354267,4.076798,0.138995,-0.071078,0.988617,0.828961
BHD,-0.252345,4.892157,0.094451,-0.03514,0.993009,0.835081
BHD,-0.150423,5.707517,0.048871,-0.000133,0.997259,0.840939
BHD,-0.0485,6.522876,0.002425,0.033893,1.001377,0.846542
BHD,0.053422,7.338236,-0.04481,0.066856,1.005487,0.851888
BHD,0.155345,8.153595,-0.092727,0.098664,1.009765,0.856897
BHD,0.257267,8.968955,-0.141119,0.129369,1.014039,0.861613
BHD,0.35919,9.784314,-0.189844,0.158917,1.018244,0.865995
BHD,0.461112,10.599674,-0.238741,0.187284,1.022326,0.869988
BHD,0.563035,11.415033,-0.287701,0.21439,1.026305,0.873641
BHD,0.664957,12.230393,-0.336569,0.240308,1.030423,0.876913
BHD,0.76688,13.045752,-0.385207,0.265055,1.034545,0.879828
BHD,0.868802,13.861112,-0.433465,0.288636,1.038701,0.882356
BHD,0.970725,14.676471,-0.481214,0.311032,1.042947,0.884435
BHD,1.072647,15.491831,-0.528381,0.332314,1.047202,0.886045
BHD,1.17457,16.30719,-0.575003,0.352583,1.051426,0.887247
BHD,1.276492,17.12255,-0.620953,0.371898,1.055528,0.887997
BHD,1.378415,17.937909,-0.666271,0.390307,1.059614,0.888314
BHD,1.480337,18.753269,-0.710845,0.407846,1.063642,0.888246
BHD,1.58226,19.568628,-0.754712,0.42454,1.067572,0.887772
BHD,1.684182,20.383988,-0.797791,0.440452,1.071312,0.886876
BHD,1.786105,21.199348,-0.840145,0.455672,1.074901,0.885622
BHD,1.888027,22.014707,-0.881792,0.470215,1.078313,0.884018
BHD,1.989949,22.830067,-0.922712,0.484097,1.081451,0.882078
BHD,2.091872,23.645426,-0.962926,0.497351,1.084243,0.87977
BHD,2.193794,24.460786,-1.00249,0.50999,1.086732,0.877124
BHD,2.295717,25.276145,-1.041457,0.522038,1.088951,0.874193
BHD,2.397639,26.091505,-1.079865,0.533494,1.090954,0.870979
BHD,2.499562,26.906864,-1.117673,0.54442,1.092795,0.867514
BHD,2.601484,27.722224,-1.154919,0.554789,1.094408,0.863837
BHD,2.703407,28.537583,-1.191654,0.564616,1.095817,0.859987
BHD,2.805329,29.352943,-1.228001,0.573944,1.097033,0.855967
BHD,2.907252,30.168302,-1.263976,0.582771,1.098029,0.851817
BHD,3.009174,30.983662,-1.299568,0.591093,1.098846,0.84756
BHD,3.111097,31.799021,-1.334785,0.598929,1.099477,0.843192
BHD,3.213019,32.614381,-1.36966,0.606296,1.099928,0.838726
BHD,3.314942,33.42974,-1.404152,0.613214,1.100177,0.834162
BHD,3.416864,34.2451,-1.438293,0.619713,1.100292,0.82953
BHD,3.518787,35.060459,-1.472081,0.6258,1.10026,0.824822
BHD,3.620709,35.875819,-1.505527,0.631487,1.100144,0.820069
BHD,3.722632,36.691178,-1.538628,0.636793,1.099942,0.815269
BHD,3.824554,37.506538,-1.571353,0.641722,1.099685,0.810439
BHD,3.926477,38.321898,-1.603773,0.646288,1.099339,0.805573
BHD,4.028399,39.137257,-1.635868,0.650492,1.098914,0.800671
BHD,4.130322,39.952617,-1.667651,0.654343,1.09845,0.795732
Albedo,-3.079974,0.095587,-0.822047,0.321198,0.622108,0.812249
Albedo,-2.954596,0.098066,-0.746827,0.304283,0.626653,0.814723
Albedo,-2.829217,0.100546,-0.673057,0.287345,0.631597,0.817213
Albedo,-2.703839,0.103025,-0.600788,0.270387,0.637025,0.819729
Albedo,-2.57846,0.105504,-0.530132,0.253337,0.643012,0.822268
Albedo,-2.453082,0.107983,-0.461241,0.236256,0.649581,0.824819
Albedo,-2.327703,0.110463,-0.394187,0.2192,0.656746,0.827392
Albedo,-2.202324,0.112942,-0.329141,0.20217,0.664487,0.829966
Albedo,-2.076946,0.115421,-0.266202,0.185193,0.672922,0.832501
Albedo,-1.951567,0.1179,-0.205623,0.168296,0.682031,0.835054
Albedo,-1.826189,0.12038,-0.147494,0.151546,0.691885,0.837628
Albedo,-1.70081,0.122859,-0.091981,0.134955,0.70242,0.840284
Albedo,-1.575432,0.125338,-0.039111,0.118562,0.713814,0.842997
Albedo,-1.450053,0.127817,0.010912,0.102511,0.72602,0.845643
Albedo,-1.324675,0.130297,0.057834,0.086879,0.738817,0.848197
Albedo,-1.199296,0.132776,0.101588,0.071718,0.752276,0.850731
Albedo,-1.073918,0.135255,0.142087,0.05705,0.76635,0.853296
Albedo,-0.948539,0.137735,0.179269,0.042918,0.781174,0.855831
Albedo,-0.823161,0.140214,0.212883,0.029279,0.796334,0.858403
Albedo,-0.697782,0.142693,0.242849,0.016094,0.811685,0.861026
Albedo,-0.572404,0.145172,0.268716,0.003556,0.827012,0.863691
Albedo,-0.447025,0.147652,0.29023,-0.008282,0.842107,0.866495
Albedo,-0.321647,0.150131,0.3071,-0.01923,0.85701,0.869511
Albedo,-0.196268,0.15261,0.31896,-0.029306,0.870996,0.872746
Albedo,-0.07089,0.155089,0.325601,-0.038585,0.884145,0.876145
Albedo,0.054489,0.157569,0.326799,-0.047149,0.89651,0.879625
Albedo,0.179868,0.160048,0.322671,-0.05506,0.907554,0.883113
Albedo,0.305246,0.162527,0.313218,-0.062487,0.917214,0.886596
Albedo,0.430625,0.165006,0.298385,-0.069442,0.925831,0.890067
Albedo,0.556003,0.167486,0.278295,-0.076119,0.933806,0.893599
Albedo,0.681382,0.169965,0.253027,-0.082742,0.941463,0.897265
Albedo,0.80676,0.172444,0.222799,-0.089604,0.948949,0.900876
Albedo,0.932139,0.174923,0.187778,-0.09675,0.956137,0.904462
Albedo,1.057517,0.177403,0.148084,-0.104331,0.963154,0.90782
Albedo,1.182896,0.179882,0.104044,-0.112525,0.969842,0.910939
Albedo,1.308274,0.182361,0.055892,-0.121512,0.976064,0.913723
Albedo,1.433653,0.184841,0.0039,-0.131327,0.981627,0.916171
Albedo,1.559031,0.18732,-0.051452,-0.142003,0.986623,0.91815
Albedo,1.68441,0.189799,-0.109841,-0.153468,0.990937,0.919629
Albedo,1.809788,0.192278,-0.170931,-0.165832,0.994561,0.92055
Albedo,1.935167,0.194758,-0.234491,-0.179095,0.99732,0.92098
Albedo,2.060545,0.197237,-0.300108,-0.193229,0.99932,0.92093
Albedo,2.185924,0.199716,-0.367528,-0.20828,1.00054,0.9204
Albedo,2.311302,0.202195,-0.43653,-0.224201,1.000859,0.919383
Albedo,2.436681,0.204675,-0.506878,-0.240991,1.000228,0.917967
Albedo,2.562059,0.207154,-0.578415,-0.258671,0.998789,0.91615
Albedo,2.687438,0.209633,-0.650929,-0.277153,0.996564,0.913998
Albedo,2.812817,0.212112,-0.724217,-0.296287,0.993613,0.911557
Albedo,2.938195,0.214592,-0.798203,-0.31605,0.990024,0.908847
Albedo,3.063574,0.217071,-0.872789,-0.336378,0.985712,0.90591
NDVI,-2.096354,0.237385,0.707472,-0.652647,0.57694,0.513161
NDVI,-2.004249,0.251506,0.67353,-0.62216,0.571325,0.525158
NDVI,-1.912144,0.265627,0.640213,-0.59117,0.56682,0.537365
NDVI,-1.82004,0.279747,0.607615,-0.55963,0.563687,0.549824
NDVI,-1.727935,0.293868,0.575838,-0.527532,0.562102,0.562551
NDVI,-1.635831,0.307989,0.544829,-0.494847,0.562379,0.575545
NDVI,-1.543726,0.32211,0.51461,-0.461576,0.564705,0.588811
NDVI,-1.451621,0.336231,0.485151,-0.427658,0.569131,0.602384
NDVI,-1.359517,0.350351,0.456346,-0.393095,0.57592,0.616242
NDVI,-1.267412,0.364472,0.428065,-0.357959,0.585034,0.630452
NDVI,-1.175307,0.378593,0.400238,-0.322381,0.596399,0.645033
NDVI,-1.083203,0.392714,0.372753,-0.286525,0.609722,0.659985
NDVI,-0.991098,0.406835,0.345552,-0.250489,0.624552,0.675351
NDVI,-0.898993,0.420955,0.318402,-0.214414,0.640608,0.691129
NDVI,-0.806889,0.435076,0.291261,-0.178424,0.657842,0.707292
NDVI,-0.714784,0.449197,0.264024,-0.142694,0.676075,0.723763
NDVI,-0.62268,0.463318,0.236522,-0.107268,0.695089,0.740509
NDVI,-0.530575,0.477439,0.208611,-0.072334,0.714822,0.757428
NDVI,-0.43847,0.491559,0.180103,-0.037995,0.735267,0.774467
NDVI,-0.346366,0.50568,0.150939,-0.004378,0.756219,0.791637
NDVI,-0.254261,0.519801,0.12122,0.028459,0.77753,0.808892
NDVI,-0.162156,0.533922,0.090847,0.060418,0.798977,0.826273
NDVI,-0.070052,0.548043,0.05967,0.091492,0.8204,0.843832
NDVI,0.022053,0.562163,0.027757,0.121653,0.84196,0.861567
NDVI,0.114158,0.576284,-0.004835,0.150948,0.863748,0.879429
NDVI,0.206262,0.590405,-0.038244,0.179444,0.885799,0.897394
NDVI,0.298367,0.604526,-0.072434,0.207101,0.907867,0.915409
NDVI,0.390471,0.618647,-0.107388,0.233991,0.92973,0.933447
NDVI,0.482576,0.632767,-0.143051,0.260169,0.951521,0.951482
NDVI,0.574681,0.646888,-0.179425,0.285645,0.973237,0.969429
NDVI,0.666785,0.661009,-0.216475,0.310405,0.994733,0.987239
NDVI,0.75889,0.67513,-0.254267,0.334466,1.015767,1.004862
NDVI,0.850995,0.689251,-0.292719,0.357722,1.036322,1.022212
NDVI,0.943099,0.703371,-0.332002,0.380095,1.056327,1.039203
NDVI,1.035204,0.717492,-0.372084,0.401689,1.075627,1.055771
NDVI,1.127309,0.731613,-0.413045,0.422457,1.094277,1.071877
NDVI,1.219413,0.745734,-0.454882,0.442296,1.112247,1.087445
NDVI,1.311518,0.759855,-0.497616,0.461154,1.129435,1.102446
NDVI,1.403623,0.773975,-0.541421,0.478941,1.145821,1.116886
NDVI,1.495727,0.788096,-0.58641,0.495647,1.161237,1.130831
NDVI,1.587832,0.802217,-0.632558,0.511327,1.175728,1.144257
NDVI,1.679936,0.816338,-0.679762,0.525994,1.189253,1.157149
NDVI,1.772041,0.830459,-0.728051,0.539671,1.201776,1.169534
NDVI,1.864146,0.844579,-0.777434,0.552361,1.213317,1.181468
NDVI,1.95625,0.8587,-0.827864,0.564098,1.223883,1.193004
NDVI,2.048355,0.872821,-0.879187,0.574993,1.233405,1.204198
NDVI,2.14046,0.886942,-0.931397,0.585114,1.241957,1.21501
NDVI,2.232564,0.901063,-0.984289,0.594558,1.24958,1.225425
NDVI,2.324669,0.915183,-1.037727,0.603364,1.256403,1.235448
NDVI,2.416774,0.929304,-1.091771,0.611466,1.26239,1.245111
DIS_CBD,-1.859751,1138.319681,0.105893,0.223396,0.446473,0.831584
DIS_CBD,-1.779012,1629.319103,0.148914,0.200611,0.449161,0.832194
DIS_CBD,-1.698274,2120.318525,0.191546,0.178106,0.452013,0.832817
DIS_CBD,-1.617535,2611.317947,0.233634,0.155965,0.455055,0.833479
DIS_CBD,-1.536796,3102.317369,0.275071,0.134267,0.45834,0.834189
DIS_CBD,-1.456058,3593.316791,0.315672,0.113065,0.461926,0.835007
DIS_CBD,-1.375319,4084.316213,0.355236,0.092467,0.465912,0.835935
DIS_CBD,-1.294581,4575.315635,0.393396,0.072616,0.470312,0.836924
DIS_CBD,-1.213842,5066.315057,0.429753,0.053724,0.475164,0.838001
DIS_CBD,-1.133104,5557.314479,0.463883,0.036066,0.480493,0.839278
DIS_CBD,-1.052365,6048.313901,0.495201,0.019809,0.486365,0.840755
DIS_CBD,-0.971627,6539.313324,0.523026,0.005213,0.492788,0.842464
DIS_CBD,-0.890888,7030.312746,0.546663,-0.0075,0.499912,0.844471
DIS_CBD,-0.81015,7521.312168,0.565227,-0.018065,0.507961,0.846997
DIS_CBD,-0.729411,8012.31159,0.577666,-0.026305,0.51712,0.850107
DIS_CBD,-0.648672,8503.311012,0.582989,-0.031925,0.527502,0.853921
DIS_CBD,-0.567934,8994.310434,0.580044,-0.034682,0.539292,0.858514
DIS_CBD,-0.487195,9485.309856,0.567548,-0.03461,0.552588,0.86379
DIS_CBD,-0.406457,9976.309278,0.544331,-0.031792,0.567491,0.869742
DIS_CBD,-0.325718,10467.3087,0.509369,-0.026448,0.583936,0.876272
DIS_CBD,-0.24498,10958.308122,0.46209,-0.019086,0.601738,0.883054
DIS_CBD,-0.164241,11449.307544,0.402466,-0.010272,0.620677,0.889696
DIS_CBD,-0.083503,11940.306966,0.331159,-0.000789,0.640432,0.895781
DIS_CBD,-0.002764,12431.306388,0.249757,0.008489,0.660766,0.900956
DIS_CBD,0.077974,12922.30581,0.160181,0.016755,0.681284,0.905002
DIS_CBD,0.158713,13413.305232,0.064445,0.023324,0.701683,0.907792
DIS_CBD,0.239452,13904.304654,-0.035458,0.027808,0.722046,0.909376
DIS_CBD,0.32019,14395.304076,-0.137876,0.030022,0.74229,0.910005
DIS_CBD,0.400929,14886.303498,-0.241402,0.029769,0.762653,0.90977
DIS_CBD,0.481667,15377.30292,-0.344789,0.027127,0.78313,0.908753
DIS_CBD,0.562406,15868.302342,-0.446869,0.022361,0.803709,0.907214
DIS_CBD,0.643144,16359.301764,-0.546903,0.015755,0.824597,0.905407
DIS_CBD,0.723883,16850.301186,-0.644272,0.007554,0.845427,0.903442
DIS_CBD,0.804621,17341.300608,-0.738476,-0.001879,0.866057,0.901421
DIS_CBD,0.88536,17832.300031,-0.829432,-0.012405,0.886149,0.899379
DIS_CBD,0.966099,18323.299453,-0.917068,-0.023889,0.905523,0.89739
DIS_CBD,1.046837,18814.298875,-1.001401,-0.036182,0.924223,0.895441
DIS_CBD,1.127576,19305.298297,-1.082328,-0.049197,0.942042,0.893519
DIS_CBD,1.208314,19796.297719,-1.16002,-0.062811,0.958909,0.891696
DIS_CBD,1.289053,20287.297141,-1.234741,-0.077103,0.974751,0.889826
DIS_CBD,1.369791,20778.296563,-1.30667,-0.091927,0.9895,0.887903
DIS_CBD,1.45053,21269.295985,-1.376042,-0.107428,1.003172,0.885828
DIS_CBD,1.531268,21760.295407,-1.442995,-0.123546,1.015688,0.883588
DIS_CBD,1.612007,22251.294829,-1.507928,-0.140131,1.026488,0.881245
DIS_CBD,1.692745,22742.294251,-1.571,-0.157091,1.035483,0.878816
DIS_CBD,1.773484,23233.293673,-1.632455,-0.174446,1.042974,0.876299
DIS_CBD,1.854223,23724.293095,-1.692465,-0.19219,1.049292,0.873647
DIS_CBD,1.934961,24215.292517,-1.751107,-0.210381,1.054638,0.870855
DIS_CBD,2.0157,24706.291939,-1.808587,-0.229019,1.059211,0.867926
DIS_CBD,2.096438,25197.291361,-1.865137,-0.248042,1.062999,0.86488
DIS_MRT,-0.880602,29.015798,-0.020155,0.18108,0.877999,0.939313
DIS_MRT,-0.779665,226.199982,-0.005522,0.150162,0.888629,0.930811
DIS_MRT,-0.678727,423.384165,0.008101,0.119412,0.899048,0.922344
DIS_MRT,-0.577789,620.568349,0.020733,0.088943,0.909214,0.913898
DIS_MRT,-0.476851,817.752532,0.032326,0.058822,0.918896,0.905465
DIS_MRT,-0.375913,1014.936716,0.042715,0.029232,0.927552,0.897
DIS_MRT,-0.274976,1212.120899,0.05168,0.000395,0.934824,0.888518
DIS_MRT,-0.174038,1409.305083,0.059359,-0.027642,0.941219,0.880055
DIS_MRT,-0.0731,1606.489266,0.065801,-0.054847,0.946849,0.871609
DIS_MRT,0.027838,1803.67345,0.071066,-0.081209,0.951676,0.863153
DIS_MRT,0.128775,2000.857633,0.075323,-0.106632,0.955982,0.854787
DIS_MRT,0.229713,2198.041817,0.078756,-0.13099,0.959813,0.846434
DIS_MRT,0.330651,2395.226001,0.081384,-0.154357,0.963146,0.838116
DIS_MRT,0.431589,2592.410184,0.083356,-0.176766,0.966239,0.82984
DIS_MRT,0.532527,2789.594368,0.084779,-0.198088,0.969056,0.821572
DIS_MRT,0.633464,2986.778551,0.085748,-0.218385,0.971532,0.813293
DIS_MRT,0.734402,3183.962735,0.086338,-0.23767,0.973845,0.804895
DIS_MRT,0.83534,3381.146918,0.086599,-0.256011,0.975776,0.796434
DIS_MRT,0.936278,3578.331102,0.086617,-0.273402,0.977337,0.787893
DIS_MRT,1.037216,3775.515285,0.086324,-0.289898,0.978471,0.779198
DIS_MRT,1.138153,3972.699469,0.085711,-0.305577,0.9793,0.770357
DIS_MRT,1.239091,4169.883652,0.084786,-0.320551,0.979818,0.761388
DIS_MRT,1.340029,4367.067836,0.083642,-0.334826,0.980052,0.752276
DIS_MRT,1.440967,4564.252019,0.082173,-0.348446,0.980082,0.743088
DIS_MRT,1.541904,4761.436203,0.080375,-0.361469,0.979847,0.733817
DIS_MRT,1.642842,4958.620386,0.078178,-0.373892,0.979428,0.724465
DIS_MRT,1.74378,5155.80457,0.075529,-0.385726,0.978842,0.715086
DIS_MRT,1.844718,5352.988753,0.07239,-0.397015,0.978151,0.705685
DIS_MRT,1.945656,5550.172937,0.068672,-0.407765,0.977351,0.696297
DIS_MRT,2.046593,5747.35712,0.064367,-0.417991,0.976455,0.686964
DIS_MRT,2.147531,5944.541304,0.059439,-0.427703,0.975454,0.677696
DIS_MRT,2.248469,6141.725487,0.053907,-0.436909,0.97431,0.668519
DIS_MRT,2.349407,6338.909671,0.047783,-0.445601,0.973112,0.659432
DIS_MRT,2.450345,6536.093854,0.041023,-0.453795,0.971841,0.65044
DIS_MRT,2.551282,6733.278038,0.033591,-0.461489,0.970588,0.641552
DIS_MRT,2.65222,6930.462222,0.02553,-0.468657,0.96929,0.632785
DIS_MRT,2.753158,7127.646405,0.016891,-0.475302,0.967936,0.624177
DIS_MRT,2.854096,7324.830589,0.007662,-0.481401,0.96651,0.615709
DIS_MRT,2.955033,7522.014772,-0.002188,-0.486997,0.965035,0.607423
DIS_MRT,3.055971,7719.198956,-0.012573,-0.492127,0.963506,0.599315
DIS_MRT,3.156909,7916.383139,-0.023496,-0.496773,0.961955,0.591381
DIS_MRT,3.257847,8113.567323,-0.03496,-0.500949,0.960389,0.583624
DIS_MRT,3.358785,8310.751506,-0.046918,-0.504655,0.958802,0.576048
DIS_MRT,3.459722,8507.93569,-0.059372,-0.507934,0.957155,0.568672
DIS_MRT,3.56066,8705.119873,-0.072343,-0.510798,0.955515,0.561491
DIS_MRT,3.661598,8902.304057,-0.085774,-0.51328,0.953861,0.554502
DIS_MRT,3.762536,9099.48824,-0.099645,-0.515399,0.952174,0.547713
DIS_MRT,3.863474,9296.672424,-0.113904,-0.517153,0.950435,0.541111
DIS_MRT,3.964411,9493.856607,-0.128553,-0.518573,0.948668,0.534707
DIS_MRT,4.065349,9691.040791,-0.143635,-0.519666,0.946902,0.528491
